date,provider_code,provider_name,metric_code,metric_name,unit,provider_value,national_value
2025-09-01,RRK,Birmingham,within_18_weeks,Elective proportion waiting within 18 weeks,percentage,0.589914933,0.61807392
2025-08-01,RRK,Birmingham,within_18_weeks,Elective proportion waiting within 18 weeks,percentage,0.55703731,0.61040678
2025-07-01,RRK,Birmingham,within_18_weeks,Elective proportion waiting within 18 weeks,percentage,0.535942547,0.612856807
2025-06-01,RRK,Birmingham,within_18_weeks,Elective proportion waiting within 18 weeks,percentage,0.523525571,0.615299364
2025-05-01,RRK,Birmingham,within_18_weeks,Elective proportion waiting within 18 weeks,percentage,0.516678206,0.609370501
2025-04-01,RRK,Birmingham,within_18_weeks,Elective proportion waiting within 18 weeks,percentage,0.497163885,0.597317787
2025-03-01,RRK,Birmingham,within_18_weeks,Elective proportion waiting within 18 weeks,percentage,0.501346883,0.597784379
2025-02-01,RRK,Birmingham,within_18_weeks,Elective proportion waiting within 18 weeks,percentage,0.513693072,0.591793063
2025-01-01,RRK,Birmingham,within_18_weeks,Elective proportion waiting within 18 weeks,percentage,0.516396797,0.588588964
2024-12-01,RRK,Birmingham,within_18_weeks,Elective proportion waiting within 18 weeks,percentage,0.512054326,0.589373429
2024-11-01,RRK,Birmingham,within_18_weeks,Elective proportion waiting within 18 weeks,percentage,0.517306219,0.591548085
2024-10-01,RRK,Birmingham,within_18_weeks,Elective proportion waiting within 18 weeks,percentage,0.512284565,0.589349072